{
  "scenario_name": "lp_vs_hold",
  "description": "LP deposits at price=1.0. Traders swap. External price moves to 1.5. Arbitrage reprices. LP withdraws and compares against passive hold.",
  "run_timestamp": "2026-06-27T09:03:15.366155+00:00",
  "final_pool": {
    "reserve_x": 1319367,
    "reserve_y": 1763028,
    "lp_supply": 1500000,
    "spot_price": 1.3362680740082176,
    "invariant": 2326080963276
  },
  "swap_events": [
    {
      "step": 3,
      "actor": "Trader1",
      "direction": "XtoY",
      "amount_in": 10000,
      "amount_out": 9904,
      "fee_amount": 30,
      "exec_price": 1.0096930533117932,
      "spot_price_before": 1.0,
      "price_impact_pct": 0.9693053311793154,
      "reserve_x_after": 1510000,
      "reserve_y_after": 1490096,
      "invariant_before": 2250000000000,
      "invariant_after": 2250044960000
    },
    {
      "step": 4,
      "actor": "Trader1",
      "direction": "YtoX",
      "amount_in": 10000,
      "amount_out": 10036,
      "fee_amount": 30,
      "exec_price": 0.9964129135113591,
      "spot_price_before": 0.9868185430463576,
      "price_impact_pct": 0.9722527543293977,
      "reserve_x_after": 1499964,
      "reserve_y_after": 1500096,
      "invariant_before": 2250044960000,
      "invariant_after": 2250089996544
    },
    {
      "step": 5,
      "actor": "Trader1",
      "direction": "XtoY",
      "amount_in": 20000,
      "amount_out": 19680,
      "fee_amount": 60,
      "exec_price": 1.016260162601626,
      "spot_price_before": 1.0000880021120506,
      "price_impact_pct": 1.617073743052818,
      "reserve_x_after": 1519964,
      "reserve_y_after": 1480416,
      "invariant_before": 2250089996544,
      "invariant_after": 2250179025024
    }
  ],
  "arbitrage_events": [
    {
      "step": 7,
      "steps_executed": 50,
      "pool_price_before": 0.9739809627070115,
      "pool_price_after": 1.3362680740082176,
      "external_price": 1.5
    }
  ],
  "lp_performance": {
    "actor": "Lp1",
    "withdraw_x": 439789,
    "withdraw_y": 587676,
    "hold_value_in_y": 1250000.0,
    "lp_value_in_y": 1247359.5,
    "impermanent_loss_pct": -2.0204102886728803,
    "net_profit_loss_in_y": -2640.5
  },
  "log": [
    "[1] CreatePool reserve_x=1000000 reserve_y=1000000 fee_bps=30",
    "[2] AddLiquidity actor=Lp1 lp_minted=500000",
    "[3] SwapExactIn actor=Trader1 direction=XtoY amount_in=10000 amount_out=9904 exec_price=1.009693 impact=0.9693%",
    "[4] SwapExactIn actor=Trader1 direction=YtoX amount_in=10000 amount_out=10036 exec_price=0.996413 impact=0.9723%",
    "[5] SwapExactIn actor=Trader1 direction=XtoY amount_in=20000 amount_out=19680 exec_price=1.016260 impact=1.6171%",
    "[6] ExternalPriceMove new_price=1.500000",
    "[7] ArbitrageUntilNoProfit steps=50 price_before=0.973981 price_after=1.336268",
    "[8] LpPerformance actor=Lp1 hold=1250000.00 lp=1247359.50 il=-2.0204% net=-2640.50"
  ]
}
