{
  "scenario_name": "same_price_different_depth",
  "description": "Three pools at price=1.0 (100B / 1T / 10T reserves). Same 10B trade shows depth determines execution quality: 10% impact on shallow pool vs 0.1% on deep pool.",
  "run_timestamp": "2026-06-27T12:01:49.206372+00:00",
  "final_pool": {
    "reserve_x": 10010000000000,
    "reserve_y": 9990039930190,
    "lp_supply": 10000000000000,
    "spot_price": 0.9980059870319681,
    "invariant": 100000299701201900000000000,
    "fee_x_accumulated": 30000000,
    "fee_y_accumulated": 0
  },
  "swap_events": [
    {
      "step": 2,
      "actor": "Trader1",
      "direction": "XtoY",
      "amount_in": 10000000000,
      "amount_out": 9066108938,
      "fee_amount": 30000000,
      "exec_price": 1.1030090271787554,
      "spot_price_before": 1.0,
      "price_impact_pct": 10.300902717875537,
      "reserve_x_after": 110000000000,
      "reserve_y_after": 90933891062,
      "invariant_before": 10000000000000000000000,
      "invariant_after": 10002728016820000000000
    },
    {
      "step": 4,
      "actor": "Trader1",
      "direction": "XtoY",
      "amount_in": 10000000000,
      "amount_out": 9871580343,
      "fee_amount": 30000000,
      "exec_price": 1.0130090271808467,
      "spot_price_before": 1.0,
      "price_impact_pct": 1.3009027180846733,
      "reserve_x_after": 1010000000000,
      "reserve_y_after": 990128419657,
      "invariant_before": 1000000000000000000000000,
      "invariant_after": 1000029703853570000000000
    },
    {
      "step": 6,
      "actor": "Trader1",
      "direction": "XtoY",
      "amount_in": 10000000000,
      "amount_out": 9960069810,
      "fee_amount": 30000000,
      "exec_price": 1.0040090271214674,
      "spot_price_before": 1.0,
      "price_impact_pct": 0.40090271214674456,
      "reserve_x_after": 10010000000000,
      "reserve_y_after": 9990039930190,
      "invariant_before": 100000000000000000000000000,
      "invariant_after": 100000299701201900000000000
    }
  ],
  "arbitrage_events": [],
  "arbitrage_steps": [],
  "lp_performance": null,
  "log": [
    "[1] CreatePool reserve_x=100000000000 reserve_y=100000000000 fee_bps=30",
    "[2] SwapExactIn actor=Trader1 direction=XtoY amount_in=10000000000 amount_out=9066108938 exec_price=1.103009 impact=10.3009%",
    "[3] CreatePool reserve_x=1000000000000 reserve_y=1000000000000 fee_bps=30",
    "[4] SwapExactIn actor=Trader1 direction=XtoY amount_in=10000000000 amount_out=9871580343 exec_price=1.013009 impact=1.3009%",
    "[5] CreatePool reserve_x=10000000000000 reserve_y=10000000000000 fee_bps=30",
    "[6] SwapExactIn actor=Trader1 direction=XtoY amount_in=10000000000 amount_out=9960069810 exec_price=1.004009 impact=0.4009%"
  ]
}
