episode,val_shortfall_bps,eps
1,154.90614160742956,1.0
2,154.90614160742956,0.20833333333333337
