{"twl_active_liquidity":{"outcome":"twl_active_liquidity","att":-0.077686,"se":0.147055,"ci":[-0.365913,0.210541],"rv":0,"dof":1012,"smd_logS":[0.14059,5.30305e-10],"att_ebal":-0.09955,"se_ebal":0.167219,"ci_ebal":[-0.427299,0.228199]},"depth_1pct":{"outcome":"depth_1pct","att":0.186957,"se":0.57101,"ci":[-0.932223,1.306137],"rv":0,"dof":1012,"smd_logS":[0.14059,0.000022],"att_ebal":0.103581,"se_ebal":0.43473,"ci_ebal":[-0.74849,0.955653]},"depth_2pct":{"outcome":"depth_2pct","att":0.161537,"se":0.570738,"ci":[-0.95711,1.280184],"rv":0,"dof":1012,"smd_logS":[0.14059,0.000023],"att_ebal":0.100096,"se_ebal":0.434172,"ci_ebal":[-0.750881,0.951074]},"depth_5pct":{"outcome":"depth_5pct","att":0.154734,"se":0.568224,"ci":[-0.958985,1.268452],"rv":0,"dof":1012,"smd_logS":[0.14059,5.036906e-06],"att_ebal":0.087532,"se_ebal":0.431044,"ci_ebal":[-0.757313,0.932378]}}
